{"info":{"_postman_id":"e152957f-b78e-41b9-bbee-9fd04246bda6","name":"Web_Api_Pedidos","schema":"https://schema.getpostman.com/json/collection/v2.1.0/collection.json"},"item":[{"name":"api","item":[{"name":"Categories","item":[{"name":"get Categories","id":"aac4f2c6-7746-4a85-8526-38441bfc1e2f","request":{"method":"GET","header":[{"key":"Accept","value":"text/plain"}],"url":{"raw":"{{baseUrl}}/api/Categories/get","host":["{{baseUrl}}"],"path":["api","Categories","get"]}},"response":[{"id":"7e31fa0c-0e0c-4265-93dd-173b3433564c","name":"Success","originalRequest":{"method":"GET","header":[],"url":{"raw":"{{baseUrl}}/api/Categories/get","host":["{{baseUrl}}"],"path":["api","Categories","get"]}},"status":"OK","code":200,"_postman_previewlanguage":"json","header":[{"key":"Content-Type","value":"application/json"}],"cookie":[],"responseTime":null,"body":"{\n  \"ok\": false,\n  \"msg\": \"irure officia reprehenderit\",\n  \"data\": {},\n  \"col\": [\n    \"ad enim\",\n    \"commodo\"\n  ]\n}"}]},{"name":"get Categories2","id":"8af4671f-bfe6-467d-890d-6530961a404f","request":{"method":"GET","header":[{"key":"Accept","value":"text/plain"}],"url":{"raw":"{{baseUrl}}/api/Categories/get2?id=84725501","host":["{{baseUrl}}"],"path":["api","Categories","get2"],"query":[{"key":"id","value":"84725501"}]}},"response":[{"id":"c213c70d-637e-4d15-8c54-578a3a1be2bb","name":"Success","originalRequest":{"method":"GET","header":[],"url":{"raw":"{{baseUrl}}/api/Categories/get2?id=84725501","host":["{{baseUrl}}"],"path":["api","Categories","get2"],"query":[{"key":"id","value":"84725501"}]}},"status":"OK","code":200,"_postman_previewlanguage":"json","header":[{"key":"Content-Type","value":"application/json"}],"cookie":[],"responseTime":null,"body":"{\n  \"ok\": true,\n  \"msg\": \"commodo elit\",\n  \"data\": {},\n  \"col\": [\n    \"nisi in\",\n    \"nulla ea sint culpa\"\n  ]\n}"}]},{"name":"post Categories","id":"efe60149-9b75-46e8-ac21-3adf475f9e3d","protocolProfileBehavior":{"disableBodyPruning":true},"request":{"method":"POST","header":[{"key":"Content-Type","value":"application/json"},{"key":"Accept","value":"text/plain"}],"body":{"mode":"raw","raw":"{\n  \"categoryId\": -63491772,\n  \"categoryName\": \"est\",\n  \"description\": \"consequat occaecat minim nulla\",\n  \"picture\": 14872114,\n  \"products\": [\n    {\n      \"productId\": -89889369,\n      \"productName\": \"ipsum labore\",\n      \"supplierId\": -70955652,\n      \"categoryId\": 24994378,\n      \"quantityPerUnit\": \"culpa \",\n      \"unitPrice\": -23654392.625112936,\n      \"unitsInStock\": 63759596,\n      \"unitsOnOrder\": 1693463,\n      \"reorderLevel\": -82702383,\n      \"discontinued\": true\n    },\n    {\n      \"productId\": -51815345,\n      \"productName\": \"deserunt e\",\n      \"supplierId\": -52363479,\n      \"categoryId\": -51468164,\n      \"quantityPerUnit\": \"pariatur nisi aute\",\n      \"unitPrice\": 7643627.30111827,\n      \"unitsInStock\": 29077794,\n      \"unitsOnOrder\": 48104627,\n      \"reorderLevel\": 2401399,\n      \"discontinued\": false\n    }\n  ]\n}","options":{"raw":{"language":"json"}}},"url":{"raw":"{{baseUrl}}/api/Categories/post","host":["{{baseUrl}}"],"path":["api","Categories","post"]}},"response":[{"id":"4ca26b86-6f91-4059-935e-99091d617133","name":"Success","originalRequest":{"method":"POST","header":[],"body":{"mode":"raw","raw":"{\n  \"categoryId\": -57325479,\n  \"categoryName\": \"non occaecat commodo\",\n  \"description\": \"magna aliquip\",\n  \"picture\": -94086126,\n  \"products\": [\n    {\n      \"productId\": 40216331,\n      \"productName\": \"sed mollit\",\n      \"supplierId\": -7934392,\n      \"categoryId\": 31764659,\n      \"quantityPerUnit\": \"quis\",\n      \"unitPrice\": -2480005.820105642,\n      \"unitsInStock\": -25635702,\n      \"unitsOnOrder\": 72791446,\n      \"reorderLevel\": 84481529,\n      \"discontinued\": true\n    },\n    {\n      \"productId\": 23051464,\n      \"productName\": \"reprehenderit dolore cillum irure\",\n      \"supplierId\": 23807700,\n      \"categoryId\": -82077887,\n      \"quantityPerUnit\": \"dolor in sunt\",\n      \"unitPrice\": 55748440.8273662,\n      \"unitsInStock\": 96914608,\n      \"unitsOnOrder\": -58145871,\n      \"reorderLevel\": -5485532,\n      \"discontinued\": true\n    }\n  ]\n}","options":{"raw":{"language":"json"}}},"url":{"raw":"{{baseUrl}}/api/Categories/post","host":["{{baseUrl}}"],"path":["api","Categories","post"]}},"status":"OK","code":200,"_postman_previewlanguage":"json","header":[{"key":"Content-Type","value":"application/json"}],"cookie":[],"responseTime":null,"body":"{\n  \"ok\": true,\n  \"msg\": \"commodo elit\",\n  \"data\": {},\n  \"col\": [\n    \"nisi in\",\n    \"nulla ea sint culpa\"\n  ]\n}"}]},{"name":"put Categories","id":"4f20094e-7dc7-4205-9e86-68899c871e64","protocolProfileBehavior":{"disableBodyPruning":true},"request":{"method":"PUT","header":[{"key":"Content-Type","value":"application/json"},{"key":"Accept","value":"text/plain"}],"body":{"mode":"raw","raw":"{\n  \"categoryId\": -57325479,\n  \"categoryName\": \"non occaecat commodo\",\n  \"description\": \"magna aliquip\",\n  \"picture\": -94086126,\n  \"products\": [\n    {\n      \"productId\": 40216331,\n      \"productName\": \"sed mollit\",\n      \"supplierId\": -7934392,\n      \"categoryId\": 31764659,\n      \"quantityPerUnit\": \"quis\",\n      \"unitPrice\": -2480005.820105642,\n      \"unitsInStock\": -25635702,\n      \"unitsOnOrder\": 72791446,\n      \"reorderLevel\": 84481529,\n      \"discontinued\": true\n    },\n    {\n      \"productId\": 23051464,\n      \"productName\": \"reprehenderit dolore cillum irure\",\n      \"supplierId\": 23807700,\n      \"categoryId\": -82077887,\n      \"quantityPerUnit\": \"dolor in sunt\",\n      \"unitPrice\": 55748440.8273662,\n      \"unitsInStock\": 96914608,\n      \"unitsOnOrder\": -58145871,\n      \"reorderLevel\": -5485532,\n      \"discontinued\": true\n    }\n  ]\n}","options":{"raw":{"language":"json"}}},"url":{"raw":"{{baseUrl}}/api/Categories/put","host":["{{baseUrl}}"],"path":["api","Categories","put"]}},"response":[{"id":"493c43d9-8102-4310-bec2-ae686f8b7181","name":"Success","originalRequest":{"method":"PUT","header":[],"body":{"mode":"raw","raw":"{\n  \"categoryId\": -57325479,\n  \"categoryName\": \"non occaecat commodo\",\n  \"description\": \"magna aliquip\",\n  \"picture\": -94086126,\n  \"products\": [\n    {\n      \"productId\": 40216331,\n      \"productName\": \"sed mollit\",\n      \"supplierId\": -7934392,\n      \"categoryId\": 31764659,\n      \"quantityPerUnit\": \"quis\",\n      \"unitPrice\": -2480005.820105642,\n      \"unitsInStock\": -25635702,\n      \"unitsOnOrder\": 72791446,\n      \"reorderLevel\": 84481529,\n      \"discontinued\": true\n    },\n    {\n      \"productId\": 23051464,\n      \"productName\": \"reprehenderit dolore cillum irure\",\n      \"supplierId\": 23807700,\n      \"categoryId\": -82077887,\n      \"quantityPerUnit\": \"dolor in sunt\",\n      \"unitPrice\": 55748440.8273662,\n      \"unitsInStock\": 96914608,\n      \"unitsOnOrder\": -58145871,\n      \"reorderLevel\": -5485532,\n      \"discontinued\": true\n    }\n  ]\n}","options":{"raw":{"language":"json"}}},"url":{"raw":"{{baseUrl}}/api/Categories/put","host":["{{baseUrl}}"],"path":["api","Categories","put"]}},"status":"OK","code":200,"_postman_previewlanguage":"json","header":[{"key":"Content-Type","value":"application/json"}],"cookie":[],"responseTime":null,"body":"{\n  \"ok\": true,\n  \"msg\": \"commodo elit\",\n  \"data\": {},\n  \"col\": [\n    \"nisi in\",\n    \"nulla ea sint culpa\"\n  ]\n}"}]},{"name":"del Categories","id":"20d5a52b-058e-4984-93b4-aa9b41e0e26b","request":{"method":"DELETE","header":[{"key":"Accept","value":"text/plain"}],"url":{"raw":"{{baseUrl}}/api/Categories/del?oProduc=84725501","host":["{{baseUrl}}"],"path":["api","Categories","del"],"query":[{"key":"oProduc","value":"84725501"}]}},"response":[{"id":"f42f3743-795c-4672-8066-d803feda92f0","name":"Success","originalRequest":{"method":"DELETE","header":[],"url":{"raw":"{{baseUrl}}/api/Categories/del?oProduc=84725501","host":["{{baseUrl}}"],"path":["api","Categories","del"],"query":[{"key":"oProduc","value":"84725501"}]}},"status":"OK","code":200,"_postman_previewlanguage":"json","header":[{"key":"Content-Type","value":"application/json"}],"cookie":[],"responseTime":null,"body":"{\n  \"ok\": true,\n  \"msg\": \"commodo elit\",\n  \"data\": {},\n  \"col\": [\n    \"nisi in\",\n    \"nulla ea sint culpa\"\n  ]\n}"}]}],"id":"ccf05011-e9ae-47af-ae36-f1b91f660d05"},{"name":"Clientes","item":[{"name":"get Clientes","id":"4646c45c-50f5-43b7-9551-842d3de1cc74","request":{"method":"GET","header":[{"key":"Accept","value":"text/plain"}],"url":{"raw":"{{baseUrl}}/api/Clientes/get","host":["{{baseUrl}}"],"path":["api","Clientes","get"]}},"response":[{"id":"ae1d52ea-15d9-4da6-8947-e49d28c0c70e","name":"Success","originalRequest":{"method":"GET","header":[],"url":{"raw":"{{baseUrl}}/api/Clientes/get","host":["{{baseUrl}}"],"path":["api","Clientes","get"]}},"status":"OK","code":200,"_postman_previewlanguage":"json","header":[{"key":"Content-Type","value":"application/json"}],"cookie":[],"responseTime":null,"body":"{\n  \"ok\": true,\n  \"msg\": \"commodo elit\",\n  \"data\": {},\n  \"col\": [\n    \"nisi in\",\n    \"nulla ea sint culpa\"\n  ]\n}"}]},{"name":"get Clientes2","id":"b2bce553-335b-4db2-887a-e3bf3190bdf2","request":{"method":"GET","header":[{"key":"Accept","value":"text/plain"}],"url":{"raw":"{{baseUrl}}/api/Clientes/get2?id=fugiat sunt aliqua","host":["{{baseUrl}}"],"path":["api","Clientes","get2"],"query":[{"key":"id","value":"fugiat sunt aliqua"}]}},"response":[{"id":"bff20f28-6f4b-4665-86af-bc0fb060eafd","name":"Success","originalRequest":{"method":"GET","header":[],"url":{"raw":"{{baseUrl}}/api/Clientes/get2?id=fugiat sunt aliqua","host":["{{baseUrl}}"],"path":["api","Clientes","get2"],"query":[{"key":"id","value":"fugiat sunt aliqua"}]}},"status":"OK","code":200,"_postman_previewlanguage":"json","header":[{"key":"Content-Type","value":"application/json"}],"cookie":[],"responseTime":null,"body":"{\n  \"ok\": true,\n  \"msg\": \"commodo elit\",\n  \"data\": {},\n  \"col\": [\n    \"nisi in\",\n    \"nulla ea sint culpa\"\n  ]\n}"}]},{"name":"post Clientes","id":"11cacaf7-321c-4594-a053-8e42a730e2d2","protocolProfileBehavior":{"disableBodyPruning":true},"request":{"method":"POST","header":[{"key":"Content-Type","value":"application/json"},{"key":"Accept","value":"text/plain"}],"body":{"mode":"raw","raw":"{\n  \"companyName\": \"incididunt minim ex et\",\n  \"customerId\": \"pa\",\n  \"contactName\": \"in\",\n  \"contactTitle\": \"sit nulla\",\n  \"address\": \"esse \",\n  \"city\": \"quis\",\n  \"region\": \"cupidatat\",\n  \"postalCode\": \"qu\",\n  \"country\": \"sed sint \",\n  \"phone\": \"sit nostrud i\",\n  \"fax\": \"dolor occaecat cill\"\n}","options":{"raw":{"language":"json"}}},"url":{"raw":"{{baseUrl}}/api/Clientes/post","host":["{{baseUrl}}"],"path":["api","Clientes","post"]}},"response":[{"id":"e302e713-30ec-448a-9571-7d4f973e634f","name":"Success","originalRequest":{"method":"POST","header":[],"body":{"mode":"raw","raw":"{\n  \"companyName\": \"incididunt minim ex et\",\n  \"customerId\": \"pa\",\n  \"contactName\": \"in\",\n  \"contactTitle\": \"sit nulla\",\n  \"address\": \"esse \",\n  \"city\": \"quis\",\n  \"region\": \"cupidatat\",\n  \"postalCode\": \"qu\",\n  \"country\": \"sed sint \",\n  \"phone\": \"sit nostrud i\",\n  \"fax\": \"dolor occaecat cill\"\n}","options":{"raw":{"language":"json"}}},"url":{"raw":"{{baseUrl}}/api/Clientes/post","host":["{{baseUrl}}"],"path":["api","Clientes","post"]}},"status":"OK","code":200,"_postman_previewlanguage":"json","header":[{"key":"Content-Type","value":"application/json"}],"cookie":[],"responseTime":null,"body":"{\n  \"ok\": true,\n  \"msg\": \"commodo elit\",\n  \"data\": {},\n  \"col\": [\n    \"nisi in\",\n    \"nulla ea sint culpa\"\n  ]\n}"}]},{"name":"del Clientes","id":"b3ef6143-e3b0-42b0-b9f7-9de1d19426b1","request":{"method":"DELETE","header":[{"key":"Accept","value":"text/plain"}],"url":{"raw":"{{baseUrl}}/api/Clientes/del?id=fugiat sunt aliqua","host":["{{baseUrl}}"],"path":["api","Clientes","del"],"query":[{"key":"id","value":"fugiat sunt aliqua"}]}},"response":[{"id":"8b4a6e28-b80b-40ed-8256-66ce0eeb7e43","name":"Success","originalRequest":{"method":"DELETE","header":[],"url":{"raw":"{{baseUrl}}/api/Clientes/del?id=fugiat sunt aliqua","host":["{{baseUrl}}"],"path":["api","Clientes","del"],"query":[{"key":"id","value":"fugiat sunt aliqua"}]}},"status":"OK","code":200,"_postman_previewlanguage":"json","header":[{"key":"Content-Type","value":"application/json"}],"cookie":[],"responseTime":null,"body":"true"}]},{"name":"put Clientes","id":"81d80641-9833-41d0-9b9f-8323eb6f86ab","protocolProfileBehavior":{"disableBodyPruning":true},"request":{"method":"PUT","header":[{"key":"Content-Type","value":"application/json"},{"key":"Accept","value":"text/plain"}],"body":{"mode":"raw","raw":"{\n  \"companyName\": \"incididunt minim ex et\",\n  \"customerId\": \"pa\",\n  \"contactName\": \"in\",\n  \"contactTitle\": \"sit nulla\",\n  \"address\": \"esse \",\n  \"city\": \"quis\",\n  \"region\": \"cupidatat\",\n  \"postalCode\": \"qu\",\n  \"country\": \"sed sint \",\n  \"phone\": \"sit nostrud i\",\n  \"fax\": \"dolor occaecat cill\"\n}","options":{"raw":{"language":"json"}}},"url":{"raw":"{{baseUrl}}/api/Clientes/put","host":["{{baseUrl}}"],"path":["api","Clientes","put"]}},"response":[{"id":"0de1bae4-58f1-4308-be9a-7f1b43e3d551","name":"Success","originalRequest":{"method":"PUT","header":[],"body":{"mode":"raw","raw":"{\n  \"companyName\": \"incididunt minim ex et\",\n  \"customerId\": \"pa\",\n  \"contactName\": \"in\",\n  \"contactTitle\": \"sit nulla\",\n  \"address\": \"esse \",\n  \"city\": \"quis\",\n  \"region\": \"cupidatat\",\n  \"postalCode\": \"qu\",\n  \"country\": \"sed sint \",\n  \"phone\": \"sit nostrud i\",\n  \"fax\": \"dolor occaecat cill\"\n}","options":{"raw":{"language":"json"}}},"url":{"raw":"{{baseUrl}}/api/Clientes/put","host":["{{baseUrl}}"],"path":["api","Clientes","put"]}},"status":"OK","code":200,"_postman_previewlanguage":"json","header":[{"key":"Content-Type","value":"application/json"}],"cookie":[],"responseTime":null,"body":"{\n  \"ok\": true,\n  \"msg\": \"commodo elit\",\n  \"data\": {},\n  \"col\": [\n    \"nisi in\",\n    \"nulla ea sint culpa\"\n  ]\n}"}]}],"id":"c31dc48d-8633-43e1-bd1a-636bd23d3272"},{"name":"Employeed","item":[{"name":"get Employeed","id":"08c9edee-eecb-4a6d-8b30-2f90fcf34967","request":{"method":"GET","header":[{"key":"Accept","value":"text/plain"}],"url":{"raw":"{{baseUrl}}/api/Employeed/get","host":["{{baseUrl}}"],"path":["api","Employeed","get"]}},"response":[{"id":"421ecf92-dfbb-469b-8b95-1bcf76d9dab9","name":"Success","originalRequest":{"method":"GET","header":[],"url":{"raw":"{{baseUrl}}/api/Employeed/get","host":["{{baseUrl}}"],"path":["api","Employeed","get"]}},"status":"OK","code":200,"_postman_previewlanguage":"json","header":[{"key":"Content-Type","value":"application/json"}],"cookie":[],"responseTime":null,"body":"{\n  \"ok\": true,\n  \"msg\": \"commodo elit\",\n  \"data\": {},\n  \"col\": [\n    \"nisi in\",\n    \"nulla ea sint culpa\"\n  ]\n}"}]},{"name":"get Employeed2","id":"f10e1825-8558-4eca-b0c0-2b8f37c5de15","request":{"method":"GET","header":[{"key":"Accept","value":"text/plain"}],"url":{"raw":"{{baseUrl}}/api/Employeed/get2?id=84725501","host":["{{baseUrl}}"],"path":["api","Employeed","get2"],"query":[{"key":"id","value":"84725501"}]}},"response":[{"id":"b30b1c43-c992-41fb-b1de-f72022218794","name":"Success","originalRequest":{"method":"GET","header":[],"url":{"raw":"{{baseUrl}}/api/Employeed/get2?id=84725501","host":["{{baseUrl}}"],"path":["api","Employeed","get2"],"query":[{"key":"id","value":"84725501"}]}},"status":"OK","code":200,"_postman_previewlanguage":"json","header":[{"key":"Content-Type","value":"application/json"}],"cookie":[],"responseTime":null,"body":"{\n  \"ok\": true,\n  \"msg\": \"commodo elit\",\n  \"data\": {},\n  \"col\": [\n    \"nisi in\",\n    \"nulla ea sint culpa\"\n  ]\n}"}]},{"name":"post Employeed","id":"d2a33d0c-843a-4d65-9097-61ead7dd484b","protocolProfileBehavior":{"disableBodyPruning":true},"request":{"method":"POST","header":[{"key":"Content-Type","value":"application/json"},{"key":"Accept","value":"text/plain"}],"body":{"mode":"raw","raw":"{\n  \"employeeId\": -57230083,\n  \"lastName\": \"consectetur\",\n  \"firstName\": \"anim \",\n  \"title\": \"Lorem\",\n  \"titleOfCourtesy\": \"irure enim quis\",\n  \"birthDate\": \"1947-03-04T17:15:02.778Z\",\n  \"hireDate\": \"1961-09-26T16:00:44.169Z\",\n  \"address\": \"voluptate proident incididunt\",\n  \"city\": \"tempor et magna\",\n  \"region\": \"sunt laboris ullamco dolore\",\n  \"postalCode\": \"in Excepteur exercitation non\",\n  \"country\": \"culpa et\",\n  \"homePhone\": \"ex laborum sunt\",\n  \"extension\": \"aute\",\n  \"photo\": 17579154,\n  \"notes\": \"dolor amet velit eu minim\",\n  \"reportsTo\": 4620309,\n  \"photoPath\": \"exercitation ipsum occaecat anim reprehenderit\"\n}","options":{"raw":{"language":"json"}}},"url":{"raw":"{{baseUrl}}/api/Employeed/post","host":["{{baseUrl}}"],"path":["api","Employeed","post"]}},"response":[{"id":"e83932c9-b65e-418d-85f4-9536f2115c94","name":"Success","originalRequest":{"method":"POST","header":[],"body":{"mode":"raw","raw":"{\n  \"employeeId\": -57230083,\n  \"lastName\": \"consectetur\",\n  \"firstName\": \"anim \",\n  \"title\": \"Lorem\",\n  \"titleOfCourtesy\": \"irure enim quis\",\n  \"birthDate\": \"1947-03-04T17:15:02.778Z\",\n  \"hireDate\": \"1961-09-26T16:00:44.169Z\",\n  \"address\": \"voluptate proident incididunt\",\n  \"city\": \"tempor et magna\",\n  \"region\": \"sunt laboris ullamco dolore\",\n  \"postalCode\": \"in Excepteur exercitation non\",\n  \"country\": \"culpa et\",\n  \"homePhone\": \"ex laborum sunt\",\n  \"extension\": \"aute\",\n  \"photo\": 17579154,\n  \"notes\": \"dolor amet velit eu minim\",\n  \"reportsTo\": 4620309,\n  \"photoPath\": \"exercitation ipsum occaecat anim reprehenderit\"\n}","options":{"raw":{"language":"json"}}},"url":{"raw":"{{baseUrl}}/api/Employeed/post","host":["{{baseUrl}}"],"path":["api","Employeed","post"]}},"status":"OK","code":200,"_postman_previewlanguage":"json","header":[{"key":"Content-Type","value":"application/json"}],"cookie":[],"responseTime":null,"body":"{\n  \"ok\": true,\n  \"msg\": \"commodo elit\",\n  \"data\": {},\n  \"col\": [\n    \"nisi in\",\n    \"nulla ea sint culpa\"\n  ]\n}"}]},{"name":"put Employeed","id":"d5171f67-6f41-4740-99d7-3e9b4b399342","protocolProfileBehavior":{"disableBodyPruning":true},"request":{"method":"PUT","header":[{"key":"Content-Type","value":"application/json"},{"key":"Accept","value":"text/plain"}],"body":{"mode":"raw","raw":"{\n  \"employeeId\": -57230083,\n  \"lastName\": \"consectetur\",\n  \"firstName\": \"anim \",\n  \"title\": \"Lorem\",\n  \"titleOfCourtesy\": \"irure enim quis\",\n  \"birthDate\": \"1947-03-04T17:15:02.778Z\",\n  \"hireDate\": \"1961-09-26T16:00:44.169Z\",\n  \"address\": \"voluptate proident incididunt\",\n  \"city\": \"tempor et magna\",\n  \"region\": \"sunt laboris ullamco dolore\",\n  \"postalCode\": \"in Excepteur exercitation non\",\n  \"country\": \"culpa et\",\n  \"homePhone\": \"ex laborum sunt\",\n  \"extension\": \"aute\",\n  \"photo\": 17579154,\n  \"notes\": \"dolor amet velit eu minim\",\n  \"reportsTo\": 4620309,\n  \"photoPath\": \"exercitation ipsum occaecat anim reprehenderit\"\n}","options":{"raw":{"language":"json"}}},"url":{"raw":"{{baseUrl}}/api/Employeed/put","host":["{{baseUrl}}"],"path":["api","Employeed","put"]}},"response":[{"id":"51ee2258-71ea-422b-aac9-a4cb586e64c9","name":"Success","originalRequest":{"method":"PUT","header":[],"body":{"mode":"raw","raw":"{\n  \"employeeId\": -57230083,\n  \"lastName\": \"consectetur\",\n  \"firstName\": \"anim \",\n  \"title\": \"Lorem\",\n  \"titleOfCourtesy\": \"irure enim quis\",\n  \"birthDate\": \"1947-03-04T17:15:02.778Z\",\n  \"hireDate\": \"1961-09-26T16:00:44.169Z\",\n  \"address\": \"voluptate proident incididunt\",\n  \"city\": \"tempor et magna\",\n  \"region\": \"sunt laboris ullamco dolore\",\n  \"postalCode\": \"in Excepteur exercitation non\",\n  \"country\": \"culpa et\",\n  \"homePhone\": \"ex laborum sunt\",\n  \"extension\": \"aute\",\n  \"photo\": 17579154,\n  \"notes\": \"dolor amet velit eu minim\",\n  \"reportsTo\": 4620309,\n  \"photoPath\": \"exercitation ipsum occaecat anim reprehenderit\"\n}","options":{"raw":{"language":"json"}}},"url":{"raw":"{{baseUrl}}/api/Employeed/put","host":["{{baseUrl}}"],"path":["api","Employeed","put"]}},"status":"OK","code":200,"_postman_previewlanguage":"json","header":[{"key":"Content-Type","value":"application/json"}],"cookie":[],"responseTime":null,"body":"{\n  \"ok\": true,\n  \"msg\": \"commodo elit\",\n  \"data\": {},\n  \"col\": [\n    \"nisi in\",\n    \"nulla ea sint culpa\"\n  ]\n}"}]},{"name":"del Employeed","id":"6bd03d8e-3370-403e-b59a-28c15b75418d","request":{"method":"DELETE","header":[{"key":"Accept","value":"text/plain"}],"url":{"raw":"{{baseUrl}}/api/Employeed/del?oProduc=84725501","host":["{{baseUrl}}"],"path":["api","Employeed","del"],"query":[{"key":"oProduc","value":"84725501"}]}},"response":[{"id":"6ef4beaa-1a78-44c8-8c2d-04bdef674f0f","name":"Success","originalRequest":{"method":"DELETE","header":[],"url":{"raw":"{{baseUrl}}/api/Employeed/del?oProduc=84725501","host":["{{baseUrl}}"],"path":["api","Employeed","del"],"query":[{"key":"oProduc","value":"84725501"}]}},"status":"OK","code":200,"_postman_previewlanguage":"json","header":[{"key":"Content-Type","value":"application/json"}],"cookie":[],"responseTime":null,"body":"{\n  \"ok\": true,\n  \"msg\": \"commodo elit\",\n  \"data\": {},\n  \"col\": [\n    \"nisi in\",\n    \"nulla ea sint culpa\"\n  ]\n}"}]}],"id":"73bfbb3c-836e-432a-88ec-2bfb3021e8bc"},{"name":"Order","item":[{"name":"get Order","id":"1f4c0424-b2b5-4060-999e-fd9cc30dc6ae","request":{"method":"GET","header":[{"key":"Accept","value":"text/plain"}],"url":{"raw":"{{baseUrl}}/api/Order/get","host":["{{baseUrl}}"],"path":["api","Order","get"]}},"response":[{"id":"211b845c-0186-4f5a-a2a0-2fa6fd30b6b8","name":"Success","originalRequest":{"method":"GET","header":[],"url":{"raw":"{{baseUrl}}/api/Order/get","host":["{{baseUrl}}"],"path":["api","Order","get"]}},"status":"OK","code":200,"_postman_previewlanguage":"json","header":[{"key":"Content-Type","value":"application/json"}],"cookie":[],"responseTime":null,"body":"{\n  \"ok\": true,\n  \"msg\": \"commodo elit\",\n  \"data\": {},\n  \"col\": [\n    \"nisi in\",\n    \"nulla ea sint culpa\"\n  ]\n}"}]},{"name":"get Order2","id":"ba556fe0-e567-4286-a2b3-960263ea9ea7","request":{"method":"GET","header":[{"key":"Accept","value":"text/plain"}],"url":{"raw":"{{baseUrl}}/api/Order/get2?id=84725501","host":["{{baseUrl}}"],"path":["api","Order","get2"],"query":[{"key":"id","value":"84725501"}]}},"response":[{"id":"dd021b27-92e9-499c-8d76-a7f2662ff448","name":"Success","originalRequest":{"method":"GET","header":[],"url":{"raw":"{{baseUrl}}/api/Order/get2?id=84725501","host":["{{baseUrl}}"],"path":["api","Order","get2"],"query":[{"key":"id","value":"84725501"}]}},"status":"OK","code":200,"_postman_previewlanguage":"json","header":[{"key":"Content-Type","value":"application/json"}],"cookie":[],"responseTime":null,"body":"{\n  \"ok\": true,\n  \"msg\": \"commodo elit\",\n  \"data\": {},\n  \"col\": [\n    \"nisi in\",\n    \"nulla ea sint culpa\"\n  ]\n}"}]},{"name":"post Order","id":"387480b2-edd5-48ad-9c54-1c479319d7e6","protocolProfileBehavior":{"disableBodyPruning":true},"request":{"method":"POST","header":[{"key":"Content-Type","value":"application/json"},{"key":"Accept","value":"text/plain"}],"body":{"mode":"raw","raw":"{\n  \"orderId\": -85972832,\n  \"customerId\": \"ad et\",\n  \"employeeId\": -7299140,\n  \"orderDate\": \"2007-06-27T23:18:17.536Z\",\n  \"requiredDate\": \"1986-01-28T22:12:19.374Z\",\n  \"shippedDate\": \"1997-06-24T17:12:20.505Z\",\n  \"shipVia\": 85264306,\n  \"freight\": -20648240.525251806,\n  \"shipName\": \"Duis aute aliquip exercitation\",\n  \"shipAddress\": \"in exercitation anim veniam\",\n  \"shipCity\": \"magna\",\n  \"shipRegion\": \"dolor sunt\",\n  \"shipPostalCode\": \"in dolor\",\n  \"shipCountry\": \"exercitation cillum\"\n}","options":{"raw":{"language":"json"}}},"url":{"raw":"{{baseUrl}}/api/Order/post","host":["{{baseUrl}}"],"path":["api","Order","post"]}},"response":[{"id":"d6b8b137-5370-4e60-bff1-854a2f8c80d3","name":"Success","originalRequest":{"method":"POST","header":[],"body":{"mode":"raw","raw":"{\n  \"orderId\": -85972832,\n  \"customerId\": \"ad et\",\n  \"employeeId\": -7299140,\n  \"orderDate\": \"2007-06-27T23:18:17.536Z\",\n  \"requiredDate\": \"1986-01-28T22:12:19.374Z\",\n  \"shippedDate\": \"1997-06-24T17:12:20.505Z\",\n  \"shipVia\": 85264306,\n  \"freight\": -20648240.525251806,\n  \"shipName\": \"Duis aute aliquip exercitation\",\n  \"shipAddress\": \"in exercitation anim veniam\",\n  \"shipCity\": \"magna\",\n  \"shipRegion\": \"dolor sunt\",\n  \"shipPostalCode\": \"in dolor\",\n  \"shipCountry\": \"exercitation cillum\"\n}","options":{"raw":{"language":"json"}}},"url":{"raw":"{{baseUrl}}/api/Order/post","host":["{{baseUrl}}"],"path":["api","Order","post"]}},"status":"OK","code":200,"_postman_previewlanguage":"json","header":[{"key":"Content-Type","value":"application/json"}],"cookie":[],"responseTime":null,"body":"{\n  \"ok\": true,\n  \"msg\": \"commodo elit\",\n  \"data\": {},\n  \"col\": [\n    \"nisi in\",\n    \"nulla ea sint culpa\"\n  ]\n}"}]},{"name":"put Order","id":"01beb056-0886-470f-af05-e76cc32781ef","protocolProfileBehavior":{"disableBodyPruning":true},"request":{"method":"PUT","header":[{"key":"Content-Type","value":"application/json"},{"key":"Accept","value":"text/plain"}],"body":{"mode":"raw","raw":"{\n  \"orderId\": -85972832,\n  \"customerId\": \"ad et\",\n  \"employeeId\": -7299140,\n  \"orderDate\": \"2007-06-27T23:18:17.536Z\",\n  \"requiredDate\": \"1986-01-28T22:12:19.374Z\",\n  \"shippedDate\": \"1997-06-24T17:12:20.505Z\",\n  \"shipVia\": 85264306,\n  \"freight\": -20648240.525251806,\n  \"shipName\": \"Duis aute aliquip exercitation\",\n  \"shipAddress\": \"in exercitation anim veniam\",\n  \"shipCity\": \"magna\",\n  \"shipRegion\": \"dolor sunt\",\n  \"shipPostalCode\": \"in dolor\",\n  \"shipCountry\": \"exercitation cillum\"\n}","options":{"raw":{"language":"json"}}},"url":{"raw":"{{baseUrl}}/api/Order/put","host":["{{baseUrl}}"],"path":["api","Order","put"]}},"response":[{"id":"9b002401-81de-4c2c-b03a-d3d0671e305b","name":"Success","originalRequest":{"method":"PUT","header":[],"body":{"mode":"raw","raw":"{\n  \"orderId\": -85972832,\n  \"customerId\": \"ad et\",\n  \"employeeId\": -7299140,\n  \"orderDate\": \"2007-06-27T23:18:17.536Z\",\n  \"requiredDate\": \"1986-01-28T22:12:19.374Z\",\n  \"shippedDate\": \"1997-06-24T17:12:20.505Z\",\n  \"shipVia\": 85264306,\n  \"freight\": -20648240.525251806,\n  \"shipName\": \"Duis aute aliquip exercitation\",\n  \"shipAddress\": \"in exercitation anim veniam\",\n  \"shipCity\": \"magna\",\n  \"shipRegion\": \"dolor sunt\",\n  \"shipPostalCode\": \"in dolor\",\n  \"shipCountry\": \"exercitation cillum\"\n}","options":{"raw":{"language":"json"}}},"url":{"raw":"{{baseUrl}}/api/Order/put","host":["{{baseUrl}}"],"path":["api","Order","put"]}},"status":"OK","code":200,"_postman_previewlanguage":"json","header":[{"key":"Content-Type","value":"application/json"}],"cookie":[],"responseTime":null,"body":"{\n  \"ok\": true,\n  \"msg\": \"commodo elit\",\n  \"data\": {},\n  \"col\": [\n    \"nisi in\",\n    \"nulla ea sint culpa\"\n  ]\n}"}]},{"name":"del Order","id":"725167a4-95f6-4d8b-8770-ced05782cacc","request":{"method":"DELETE","header":[{"key":"Accept","value":"text/plain"}],"url":{"raw":"{{baseUrl}}/api/Order/del?oProduc=84725501","host":["{{baseUrl}}"],"path":["api","Order","del"],"query":[{"key":"oProduc","value":"84725501"}]}},"response":[{"id":"80096b40-d35f-49de-bb8e-91be24d4c0d3","name":"Success","originalRequest":{"method":"DELETE","header":[],"url":{"raw":"{{baseUrl}}/api/Order/del?oProduc=84725501","host":["{{baseUrl}}"],"path":["api","Order","del"],"query":[{"key":"oProduc","value":"84725501"}]}},"status":"OK","code":200,"_postman_previewlanguage":"json","header":[{"key":"Content-Type","value":"application/json"}],"cookie":[],"responseTime":null,"body":"{\n  \"ok\": true,\n  \"msg\": \"commodo elit\",\n  \"data\": {},\n  \"col\": [\n    \"nisi in\",\n    \"nulla ea sint culpa\"\n  ]\n}"}]}],"id":"3c0d3d86-d823-486c-8b38-27e0fe699461"},{"name":"Producto","item":[{"name":"get Producto","id":"0e9397ff-45bf-4258-b80d-6c133f0f34d0","request":{"method":"GET","header":[{"key":"Accept","value":"text/plain"}],"url":{"raw":"{{baseUrl}}/api/Producto/get","host":["{{baseUrl}}"],"path":["api","Producto","get"]}},"response":[{"id":"8d063d37-b3b8-43bc-baab-4f440c5f2dab","name":"Success","originalRequest":{"method":"GET","header":[],"url":{"raw":"{{baseUrl}}/api/Producto/get","host":["{{baseUrl}}"],"path":["api","Producto","get"]}},"status":"OK","code":200,"_postman_previewlanguage":"json","header":[{"key":"Content-Type","value":"application/json"}],"cookie":[],"responseTime":null,"body":"{\n  \"ok\": true,\n  \"msg\": \"commodo elit\",\n  \"data\": {},\n  \"col\": [\n    \"nisi in\",\n    \"nulla ea sint culpa\"\n  ]\n}"}]},{"name":"get Producto2","id":"5c660178-f97c-4a31-925f-ddb157a7e6c7","request":{"method":"GET","header":[{"key":"Accept","value":"text/plain"}],"url":{"raw":"{{baseUrl}}/api/Producto/get2?id=84725501","host":["{{baseUrl}}"],"path":["api","Producto","get2"],"query":[{"key":"id","value":"84725501"}]}},"response":[{"id":"1f745342-d825-4a59-b779-9aa44d3db747","name":"Success","originalRequest":{"method":"GET","header":[],"url":{"raw":"{{baseUrl}}/api/Producto/get2?id=84725501","host":["{{baseUrl}}"],"path":["api","Producto","get2"],"query":[{"key":"id","value":"84725501"}]}},"status":"OK","code":200,"_postman_previewlanguage":"json","header":[{"key":"Content-Type","value":"application/json"}],"cookie":[],"responseTime":null,"body":"{\n  \"ok\": true,\n  \"msg\": \"commodo elit\",\n  \"data\": {},\n  \"col\": [\n    \"nisi in\",\n    \"nulla ea sint culpa\"\n  ]\n}"}]},{"name":"post Producto","id":"9731540f-e032-4d05-974d-6950e44b29eb","protocolProfileBehavior":{"disableBodyPruning":true},"request":{"method":"POST","header":[{"key":"Content-Type","value":"application/json"},{"key":"Accept","value":"text/plain"}],"body":{"mode":"raw","raw":"{\n  \"productId\": -38664858,\n  \"productName\": \"reprehenderi\",\n  \"supplierId\": -56777463,\n  \"categoryId\": 52067438,\n  \"quantityPerUnit\": \"eu exercitation nostrud laboris\",\n  \"unitPrice\": -23583443.318113506,\n  \"unitsInStock\": -22966048,\n  \"unitsOnOrder\": -87276309,\n  \"reorderLevel\": 97831196,\n  \"discontinued\": false\n}","options":{"raw":{"language":"json"}}},"url":{"raw":"{{baseUrl}}/api/Producto/post","host":["{{baseUrl}}"],"path":["api","Producto","post"]}},"response":[{"id":"088a2988-3dfb-48a9-90a6-354ea5c99ed0","name":"Success","originalRequest":{"method":"POST","header":[],"body":{"mode":"raw","raw":"{\n  \"productId\": -38664858,\n  \"productName\": \"reprehenderi\",\n  \"supplierId\": -56777463,\n  \"categoryId\": 52067438,\n  \"quantityPerUnit\": \"eu exercitation nostrud laboris\",\n  \"unitPrice\": -23583443.318113506,\n  \"unitsInStock\": -22966048,\n  \"unitsOnOrder\": -87276309,\n  \"reorderLevel\": 97831196,\n  \"discontinued\": false\n}","options":{"raw":{"language":"json"}}},"url":{"raw":"{{baseUrl}}/api/Producto/post","host":["{{baseUrl}}"],"path":["api","Producto","post"]}},"status":"OK","code":200,"_postman_previewlanguage":"json","header":[{"key":"Content-Type","value":"application/json"}],"cookie":[],"responseTime":null,"body":"{\n  \"ok\": true,\n  \"msg\": \"commodo elit\",\n  \"data\": {},\n  \"col\": [\n    \"nisi in\",\n    \"nulla ea sint culpa\"\n  ]\n}"}]},{"name":"put Producto","id":"f25f75e4-a78d-4772-96cc-5df8c1aa2ea4","protocolProfileBehavior":{"disableBodyPruning":true},"request":{"method":"PUT","header":[{"key":"Content-Type","value":"application/json"},{"key":"Accept","value":"text/plain"}],"body":{"mode":"raw","raw":"{\n  \"productId\": -38664858,\n  \"productName\": \"reprehenderi\",\n  \"supplierId\": -56777463,\n  \"categoryId\": 52067438,\n  \"quantityPerUnit\": \"eu exercitation nostrud laboris\",\n  \"unitPrice\": -23583443.318113506,\n  \"unitsInStock\": -22966048,\n  \"unitsOnOrder\": -87276309,\n  \"reorderLevel\": 97831196,\n  \"discontinued\": false\n}","options":{"raw":{"language":"json"}}},"url":{"raw":"{{baseUrl}}/api/Producto/put","host":["{{baseUrl}}"],"path":["api","Producto","put"]}},"response":[{"id":"03a117b9-71f8-4a7b-9955-117fbd467d6d","name":"Success","originalRequest":{"method":"PUT","header":[],"body":{"mode":"raw","raw":"{\n  \"productId\": -38664858,\n  \"productName\": \"reprehenderi\",\n  \"supplierId\": -56777463,\n  \"categoryId\": 52067438,\n  \"quantityPerUnit\": \"eu exercitation nostrud laboris\",\n  \"unitPrice\": -23583443.318113506,\n  \"unitsInStock\": -22966048,\n  \"unitsOnOrder\": -87276309,\n  \"reorderLevel\": 97831196,\n  \"discontinued\": false\n}","options":{"raw":{"language":"json"}}},"url":{"raw":"{{baseUrl}}/api/Producto/put","host":["{{baseUrl}}"],"path":["api","Producto","put"]}},"status":"OK","code":200,"_postman_previewlanguage":"json","header":[{"key":"Content-Type","value":"application/json"}],"cookie":[],"responseTime":null,"body":"{\n  \"ok\": true,\n  \"msg\": \"commodo elit\",\n  \"data\": {},\n  \"col\": [\n    \"nisi in\",\n    \"nulla ea sint culpa\"\n  ]\n}"}]},{"name":"del Producto","id":"b049fcb9-d3bb-4f06-a6de-8b51d77303d2","request":{"method":"DELETE","header":[{"key":"Accept","value":"text/plain"}],"url":{"raw":"{{baseUrl}}/api/Producto/del?oProduc=84725501","host":["{{baseUrl}}"],"path":["api","Producto","del"],"query":[{"key":"oProduc","value":"84725501"}]}},"response":[{"id":"1c206ab9-8ab5-4c98-b094-06df45676ad2","name":"Success","originalRequest":{"method":"DELETE","header":[],"url":{"raw":"{{baseUrl}}/api/Producto/del?oProduc=84725501","host":["{{baseUrl}}"],"path":["api","Producto","del"],"query":[{"key":"oProduc","value":"84725501"}]}},"status":"OK","code":200,"_postman_previewlanguage":"json","header":[{"key":"Content-Type","value":"application/json"}],"cookie":[],"responseTime":null,"body":"{\n  \"ok\": true,\n  \"msg\": \"commodo elit\",\n  \"data\": {},\n  \"col\": [\n    \"nisi in\",\n    \"nulla ea sint culpa\"\n  ]\n}"}]}],"id":"2de4b5a9-e8b4-4a8c-82e8-ca488b3b84d3"},{"name":"Shipper","item":[{"name":"get Shipper","id":"41d11ef3-ec0c-443e-99b5-6a6d34199642","request":{"method":"GET","header":[{"key":"Accept","value":"text/plain"}],"url":{"raw":"{{baseUrl}}/api/Shipper/get","host":["{{baseUrl}}"],"path":["api","Shipper","get"]}},"response":[{"id":"80c3fa77-f1ef-42ca-969e-1feab2f85db6","name":"Success","originalRequest":{"method":"GET","header":[],"url":{"raw":"{{baseUrl}}/api/Shipper/get","host":["{{baseUrl}}"],"path":["api","Shipper","get"]}},"status":"OK","code":200,"_postman_previewlanguage":"json","header":[{"key":"Content-Type","value":"application/json"}],"cookie":[],"responseTime":null,"body":"{\n  \"ok\": true,\n  \"msg\": \"commodo elit\",\n  \"data\": {},\n  \"col\": [\n    \"nisi in\",\n    \"nulla ea sint culpa\"\n  ]\n}"}]},{"name":"get Shipper2","id":"c2ff86fe-e7a3-46fa-b8c5-73a1b0b6ef41","request":{"method":"GET","header":[{"key":"Accept","value":"text/plain"}],"url":{"raw":"{{baseUrl}}/api/Shipper/get2?id=84725501","host":["{{baseUrl}}"],"path":["api","Shipper","get2"],"query":[{"key":"id","value":"84725501"}]}},"response":[{"id":"a1b65ae6-5d8d-4d65-b056-9f523c0e2805","name":"Success","originalRequest":{"method":"GET","header":[],"url":{"raw":"{{baseUrl}}/api/Shipper/get2?id=84725501","host":["{{baseUrl}}"],"path":["api","Shipper","get2"],"query":[{"key":"id","value":"84725501"}]}},"status":"OK","code":200,"_postman_previewlanguage":"json","header":[{"key":"Content-Type","value":"application/json"}],"cookie":[],"responseTime":null,"body":"{\n  \"ok\": true,\n  \"msg\": \"commodo elit\",\n  \"data\": {},\n  \"col\": [\n    \"nisi in\",\n    \"nulla ea sint culpa\"\n  ]\n}"}]},{"name":"post Shipper","id":"69dc2cde-f594-4cbb-90f5-b86ede039a30","protocolProfileBehavior":{"disableBodyPruning":true},"request":{"method":"POST","header":[{"key":"Content-Type","value":"application/json"},{"key":"Accept","value":"text/plain"}],"body":{"mode":"raw","raw":"{\n  \"shipperId\": -93697128,\n  \"companyName\": \"nostrud in voluptate amet\",\n  \"phone\": \"voluptate incididunt ut ullamco\",\n  \"orders\": [\n    {\n      \"orderId\": 5110982,\n      \"customerId\": \"labore\",\n      \"employeeId\": -31943732,\n      \"orderDate\": \"1981-03-29T04:07:01.865Z\",\n      \"requiredDate\": \"1961-12-24T03:22:06.286Z\",\n      \"shippedDate\": \"1992-04-19T05:33:02.337Z\",\n      \"shipVia\": -4747544,\n      \"freight\": 67706757.53198075,\n      \"shipName\": \"Duis eu ipsum \",\n      \"shipAddress\": \"non\",\n      \"shipCity\": \"irure laboris proident eiusmod\",\n      \"shipRegion\": \"ullamco labore commodo\",\n      \"shipPostalCode\": \"incididunt aliqua Ut\",\n      \"shipCountry\": \"irure sint proiden\"\n    },\n    {\n      \"orderId\": -80876501,\n      \"customerId\": \"nostrud Duis aute enim laboris\",\n      \"employeeId\": -21275947,\n      \"orderDate\": \"2020-05-06T05:22:07.921Z\",\n      \"requiredDate\": \"1944-03-10T12:46:21.133Z\",\n      \"shippedDate\": \"1993-08-17T04:08:19.878Z\",\n      \"shipVia\": 86702521,\n      \"freight\": -2620295.4474017173,\n      \"shipName\": \"et in ad\",\n      \"shipAddress\": \"et ullamco\",\n      \"shipCity\": \"iru\",\n      \"shipRegion\": \"proident irure id\",\n      \"shipPostalCode\": \"irure ut ad reprehenderit eiusmod\",\n      \"shipCountry\": \"adipisicing\"\n    }\n  ]\n}","options":{"raw":{"language":"json"}}},"url":{"raw":"{{baseUrl}}/api/Shipper/post","host":["{{baseUrl}}"],"path":["api","Shipper","post"]}},"response":[{"id":"a2a77970-4681-42ad-a98a-0b95b6be2f10","name":"Success","originalRequest":{"method":"POST","header":[],"body":{"mode":"raw","raw":"{\n  \"shipperId\": 35629026,\n  \"companyName\": \"cupidatat Duis\",\n  \"phone\": \"commodo Duis aliquip est\",\n  \"orders\": [\n    {\n      \"orderId\": -67867077,\n      \"customerId\": \"eu nostrud\",\n      \"employeeId\": -56584858,\n      \"orderDate\": \"2012-08-21T06:07:46.032Z\",\n      \"requiredDate\": \"1980-07-06T08:15:45.866Z\",\n      \"shippedDate\": \"1954-01-31T18:35:21.646Z\",\n      \"shipVia\": -29120098,\n      \"freight\": 62910455.890704334,\n      \"shipName\": \"dolor amet\",\n      \"shipAddress\": \"magna dolore\",\n      \"shipCity\": \"dolore eiusmod\",\n      \"shipRegion\": \"sint irure magna ipsu\",\n      \"shipPostalCode\": \"in\",\n      \"shipCountry\": \"consequat adipisicing fugiat velit\"\n    },\n    {\n      \"orderId\": 20867169,\n      \"customerId\": \"minim fugiat sed sunt\",\n      \"employeeId\": 10397595,\n      \"orderDate\": \"2011-01-25T10:29:18.313Z\",\n      \"requiredDate\": \"1991-07-05T07:59:06.055Z\",\n      \"shippedDate\": \"1948-03-16T16:40:02.022Z\",\n      \"shipVia\": 14986658,\n      \"freight\": 72268817.60415971,\n      \"shipName\": \"in sed\",\n      \"shipAddress\": \"sed incididunt est\",\n      \"shipCity\": \"Excepteur veniam\",\n      \"shipRegion\": \"dolor cillum exercitation\",\n      \"shipPostalCode\": \"ea nulla laboris reprehenderit mollit\",\n      \"shipCountry\": \"eiusmod consequat esse\"\n    }\n  ]\n}","options":{"raw":{"language":"json"}}},"url":{"raw":"{{baseUrl}}/api/Shipper/post","host":["{{baseUrl}}"],"path":["api","Shipper","post"]}},"status":"OK","code":200,"_postman_previewlanguage":"json","header":[{"key":"Content-Type","value":"application/json"}],"cookie":[],"responseTime":null,"body":"{\n  \"ok\": true,\n  \"msg\": \"commodo elit\",\n  \"data\": {},\n  \"col\": [\n    \"nisi in\",\n    \"nulla ea sint culpa\"\n  ]\n}"}]},{"name":"put Shipper","id":"48b93ac3-15f3-4657-becc-dec0eba8db2b","protocolProfileBehavior":{"disableBodyPruning":true},"request":{"method":"PUT","header":[{"key":"Content-Type","value":"application/json"},{"key":"Accept","value":"text/plain"}],"body":{"mode":"raw","raw":"{\n  \"shipperId\": 35629026,\n  \"companyName\": \"cupidatat Duis\",\n  \"phone\": \"commodo Duis aliquip est\",\n  \"orders\": [\n    {\n      \"orderId\": -67867077,\n      \"customerId\": \"eu nostrud\",\n      \"employeeId\": -56584858,\n      \"orderDate\": \"2012-08-21T06:07:46.032Z\",\n      \"requiredDate\": \"1980-07-06T08:15:45.866Z\",\n      \"shippedDate\": \"1954-01-31T18:35:21.646Z\",\n      \"shipVia\": -29120098,\n      \"freight\": 62910455.890704334,\n      \"shipName\": \"dolor amet\",\n      \"shipAddress\": \"magna dolore\",\n      \"shipCity\": \"dolore eiusmod\",\n      \"shipRegion\": \"sint irure magna ipsu\",\n      \"shipPostalCode\": \"in\",\n      \"shipCountry\": \"consequat adipisicing fugiat velit\"\n    },\n    {\n      \"orderId\": 20867169,\n      \"customerId\": \"minim fugiat sed sunt\",\n      \"employeeId\": 10397595,\n      \"orderDate\": \"2011-01-25T10:29:18.313Z\",\n      \"requiredDate\": \"1991-07-05T07:59:06.055Z\",\n      \"shippedDate\": \"1948-03-16T16:40:02.022Z\",\n      \"shipVia\": 14986658,\n      \"freight\": 72268817.60415971,\n      \"shipName\": \"in sed\",\n      \"shipAddress\": \"sed incididunt est\",\n      \"shipCity\": \"Excepteur veniam\",\n      \"shipRegion\": \"dolor cillum exercitation\",\n      \"shipPostalCode\": \"ea nulla laboris reprehenderit mollit\",\n      \"shipCountry\": \"eiusmod consequat esse\"\n    }\n  ]\n}","options":{"raw":{"language":"json"}}},"url":{"raw":"{{baseUrl}}/api/Shipper/put","host":["{{baseUrl}}"],"path":["api","Shipper","put"]}},"response":[{"id":"89156323-31f0-43e1-9d57-996ba427f3a4","name":"Success","originalRequest":{"method":"PUT","header":[],"body":{"mode":"raw","raw":"{\n  \"shipperId\": 35629026,\n  \"companyName\": \"cupidatat Duis\",\n  \"phone\": \"commodo Duis aliquip est\",\n  \"orders\": [\n    {\n      \"orderId\": -67867077,\n      \"customerId\": \"eu nostrud\",\n      \"employeeId\": -56584858,\n      \"orderDate\": \"2012-08-21T06:07:46.032Z\",\n      \"requiredDate\": \"1980-07-06T08:15:45.866Z\",\n      \"shippedDate\": \"1954-01-31T18:35:21.646Z\",\n      \"shipVia\": -29120098,\n      \"freight\": 62910455.890704334,\n      \"shipName\": \"dolor amet\",\n      \"shipAddress\": \"magna dolore\",\n      \"shipCity\": \"dolore eiusmod\",\n      \"shipRegion\": \"sint irure magna ipsu\",\n      \"shipPostalCode\": \"in\",\n      \"shipCountry\": \"consequat adipisicing fugiat velit\"\n    },\n    {\n      \"orderId\": 20867169,\n      \"customerId\": \"minim fugiat sed sunt\",\n      \"employeeId\": 10397595,\n      \"orderDate\": \"2011-01-25T10:29:18.313Z\",\n      \"requiredDate\": \"1991-07-05T07:59:06.055Z\",\n      \"shippedDate\": \"1948-03-16T16:40:02.022Z\",\n      \"shipVia\": 14986658,\n      \"freight\": 72268817.60415971,\n      \"shipName\": \"in sed\",\n      \"shipAddress\": \"sed incididunt est\",\n      \"shipCity\": \"Excepteur veniam\",\n      \"shipRegion\": \"dolor cillum exercitation\",\n      \"shipPostalCode\": \"ea nulla laboris reprehenderit mollit\",\n      \"shipCountry\": \"eiusmod consequat esse\"\n    }\n  ]\n}","options":{"raw":{"language":"json"}}},"url":{"raw":"{{baseUrl}}/api/Shipper/put","host":["{{baseUrl}}"],"path":["api","Shipper","put"]}},"status":"OK","code":200,"_postman_previewlanguage":"json","header":[{"key":"Content-Type","value":"application/json"}],"cookie":[],"responseTime":null,"body":"{\n  \"ok\": true,\n  \"msg\": \"commodo elit\",\n  \"data\": {},\n  \"col\": [\n    \"nisi in\",\n    \"nulla ea sint culpa\"\n  ]\n}"}]},{"name":"del Shipper","id":"2a43e076-d677-4050-98c1-c2419e4e9a94","request":{"method":"DELETE","header":[{"key":"Accept","value":"text/plain"}],"url":{"raw":"{{baseUrl}}/api/Shipper/del?oProduc=84725501","host":["{{baseUrl}}"],"path":["api","Shipper","del"],"query":[{"key":"oProduc","value":"84725501"}]}},"response":[{"id":"b624c001-2e96-42eb-9a0d-75dff6fee467","name":"Success","originalRequest":{"method":"DELETE","header":[],"url":{"raw":"{{baseUrl}}/api/Shipper/del?oProduc=84725501","host":["{{baseUrl}}"],"path":["api","Shipper","del"],"query":[{"key":"oProduc","value":"84725501"}]}},"status":"OK","code":200,"_postman_previewlanguage":"json","header":[{"key":"Content-Type","value":"application/json"}],"cookie":[],"responseTime":null,"body":"{\n  \"ok\": true,\n  \"msg\": \"commodo elit\",\n  \"data\": {},\n  \"col\": [\n    \"nisi in\",\n    \"nulla ea sint culpa\"\n  ]\n}"}]}],"id":"61773b4f-3172-49a8-9f37-645a8c76c7b7"},{"name":"Suppliers","item":[{"name":"get Suppliers","id":"4c9a9e38-e1a3-42cf-9064-b6ebe4ea0a9a","request":{"method":"GET","header":[{"key":"Accept","value":"text/plain"}],"url":{"raw":"{{baseUrl}}/api/Suppliers/get","host":["{{baseUrl}}"],"path":["api","Suppliers","get"]}},"response":[{"id":"e5c41113-4dd1-45d5-85b1-621a7b160b14","name":"Success","originalRequest":{"method":"GET","header":[],"url":{"raw":"{{baseUrl}}/api/Suppliers/get","host":["{{baseUrl}}"],"path":["api","Suppliers","get"]}},"status":"OK","code":200,"_postman_previewlanguage":"json","header":[{"key":"Content-Type","value":"application/json"}],"cookie":[],"responseTime":null,"body":"{\n  \"ok\": true,\n  \"msg\": \"commodo elit\",\n  \"data\": {},\n  \"col\": [\n    \"nisi in\",\n    \"nulla ea sint culpa\"\n  ]\n}"}]},{"name":"get Suppliers2","id":"3e45366c-d78c-4aa9-b749-6e74f61fbc58","request":{"method":"GET","header":[{"key":"Accept","value":"text/plain"}],"url":{"raw":"{{baseUrl}}/api/Suppliers/get2?id=84725501","host":["{{baseUrl}}"],"path":["api","Suppliers","get2"],"query":[{"key":"id","value":"84725501"}]}},"response":[{"id":"02074802-c532-4eaa-a0df-18b8fb052f26","name":"Success","originalRequest":{"method":"GET","header":[],"url":{"raw":"{{baseUrl}}/api/Suppliers/get2?id=84725501","host":["{{baseUrl}}"],"path":["api","Suppliers","get2"],"query":[{"key":"id","value":"84725501"}]}},"status":"OK","code":200,"_postman_previewlanguage":"json","header":[{"key":"Content-Type","value":"application/json"}],"cookie":[],"responseTime":null,"body":"{\n  \"ok\": true,\n  \"msg\": \"commodo elit\",\n  \"data\": {},\n  \"col\": [\n    \"nisi in\",\n    \"nulla ea sint culpa\"\n  ]\n}"}]},{"name":"post Suppliers","id":"55f0dbff-9b1a-45af-bd3b-eb449eac26b3","protocolProfileBehavior":{"disableBodyPruning":true},"request":{"method":"POST","header":[{"key":"Content-Type","value":"application/json"},{"key":"Accept","value":"text/plain"}],"body":{"mode":"raw","raw":"{\n  \"supplierId\": 47976350,\n  \"companyName\": \"ipsum amet ex est\",\n  \"contactName\": \"Duis\",\n  \"contactTitle\": \"pariatur commodo quis velit\",\n  \"address\": \"dolor nisi in\",\n  \"city\": \"esse anim reprehenderit officia lab\",\n  \"region\": \"commodo \",\n  \"postalCode\": \"occaecat commodo incididunt\",\n  \"country\": \"U\",\n  \"phone\": \"sit reprehenderit\",\n  \"fax\": \"mollit\",\n  \"homePage\": \"ea pariatur dolor aliquip\",\n  \"products\": [\n    {\n      \"productId\": 35063387,\n      \"productName\": \"labore Ut quis pariatur\",\n      \"supplierId\": -12077570,\n      \"categoryId\": 22207631,\n      \"quantityPerUnit\": \"exercitation quis\",\n      \"unitPrice\": -15782791.425593376,\n      \"unitsInStock\": -64035227,\n      \"unitsOnOrder\": 47270001,\n      \"reorderLevel\": 62334882,\n      \"discontinued\": false\n    },\n    {\n      \"productId\": -19112638,\n      \"productName\": \"aliquip exercitation eiusmod\",\n      \"supplierId\": -69619831,\n      \"categoryId\": 51036979,\n      \"quantityPerUnit\": \"tempor in\",\n      \"unitPrice\": 36323901.79112518,\n      \"unitsInStock\": 78129021,\n      \"unitsOnOrder\": 803137,\n      \"reorderLevel\": 60726413,\n      \"discontinued\": false\n    }\n  ]\n}","options":{"raw":{"language":"json"}}},"url":{"raw":"{{baseUrl}}/api/Suppliers/post","host":["{{baseUrl}}"],"path":["api","Suppliers","post"]}},"response":[{"id":"d3af8cef-ab0d-43b0-b250-b8754fc2cd4e","name":"Success","originalRequest":{"method":"POST","header":[],"body":{"mode":"raw","raw":"{\n  \"supplierId\": 40184803,\n  \"companyName\": \"ut aliquip nulla\",\n  \"contactName\": \"sint voluptate occaecat\",\n  \"contactTitle\": \"labore\",\n  \"address\": \"id\",\n  \"city\": \"nulla Excepteur occae\",\n  \"region\": \"nostrud dolor\",\n  \"postalCode\": \"est Ut aliquip\",\n  \"country\": \"nulla irure ut\",\n  \"phone\": \"consectetur labore\",\n  \"fax\": \"Duis proident\",\n  \"homePage\": \"nostrud\",\n  \"products\": [\n    {\n      \"productId\": 39078713,\n      \"productName\": \"sed laboris magna elit\",\n      \"supplierId\": 28166006,\n      \"categoryId\": -4025570,\n      \"quantityPerUnit\": \"fugiat nulla ipsum\",\n      \"unitPrice\": -6417650.639966384,\n      \"unitsInStock\": -20907380,\n      \"unitsOnOrder\": 17412427,\n      \"reorderLevel\": 13578706,\n      \"discontinued\": false\n    },\n    {\n      \"productId\": -34867258,\n      \"productName\": \"consequat magna culpa\",\n      \"supplierId\": -50386751,\n      \"categoryId\": 1135893,\n      \"quantityPerUnit\": \"ut\",\n      \"unitPrice\": -70750871.28858341,\n      \"unitsInStock\": -95741040,\n      \"unitsOnOrder\": 99008409,\n      \"reorderLevel\": -10711959,\n      \"discontinued\": true\n    }\n  ]\n}","options":{"raw":{"language":"json"}}},"url":{"raw":"{{baseUrl}}/api/Suppliers/post","host":["{{baseUrl}}"],"path":["api","Suppliers","post"]}},"status":"OK","code":200,"_postman_previewlanguage":"json","header":[{"key":"Content-Type","value":"application/json"}],"cookie":[],"responseTime":null,"body":"{\n  \"ok\": true,\n  \"msg\": \"commodo elit\",\n  \"data\": {},\n  \"col\": [\n    \"nisi in\",\n    \"nulla ea sint culpa\"\n  ]\n}"}]},{"name":"put Suppliers","id":"c9c2cd24-9fe4-42c7-935b-a8610cac2d59","protocolProfileBehavior":{"disableBodyPruning":true},"request":{"method":"PUT","header":[{"key":"Content-Type","value":"application/json"},{"key":"Accept","value":"text/plain"}],"body":{"mode":"raw","raw":"{\n  \"supplierId\": 40184803,\n  \"companyName\": \"ut aliquip nulla\",\n  \"contactName\": \"sint voluptate occaecat\",\n  \"contactTitle\": \"labore\",\n  \"address\": \"id\",\n  \"city\": \"nulla Excepteur occae\",\n  \"region\": \"nostrud dolor\",\n  \"postalCode\": \"est Ut aliquip\",\n  \"country\": \"nulla irure ut\",\n  \"phone\": \"consectetur labore\",\n  \"fax\": \"Duis proident\",\n  \"homePage\": \"nostrud\",\n  \"products\": [\n    {\n      \"productId\": 39078713,\n      \"productName\": \"sed laboris magna elit\",\n      \"supplierId\": 28166006,\n      \"categoryId\": -4025570,\n      \"quantityPerUnit\": \"fugiat nulla ipsum\",\n      \"unitPrice\": -6417650.639966384,\n      \"unitsInStock\": -20907380,\n      \"unitsOnOrder\": 17412427,\n      \"reorderLevel\": 13578706,\n      \"discontinued\": false\n    },\n    {\n      \"productId\": -34867258,\n      \"productName\": \"consequat magna culpa\",\n      \"supplierId\": -50386751,\n      \"categoryId\": 1135893,\n      \"quantityPerUnit\": \"ut\",\n      \"unitPrice\": -70750871.28858341,\n      \"unitsInStock\": -95741040,\n      \"unitsOnOrder\": 99008409,\n      \"reorderLevel\": -10711959,\n      \"discontinued\": true\n    }\n  ]\n}","options":{"raw":{"language":"json"}}},"url":{"raw":"{{baseUrl}}/api/Suppliers/put","host":["{{baseUrl}}"],"path":["api","Suppliers","put"]}},"response":[{"id":"b6433c22-0a1e-4b22-bba8-681d84936fac","name":"Success","originalRequest":{"method":"PUT","header":[],"body":{"mode":"raw","raw":"{\n  \"supplierId\": 40184803,\n  \"companyName\": \"ut aliquip nulla\",\n  \"contactName\": \"sint voluptate occaecat\",\n  \"contactTitle\": \"labore\",\n  \"address\": \"id\",\n  \"city\": \"nulla Excepteur occae\",\n  \"region\": \"nostrud dolor\",\n  \"postalCode\": \"est Ut aliquip\",\n  \"country\": \"nulla irure ut\",\n  \"phone\": \"consectetur labore\",\n  \"fax\": \"Duis proident\",\n  \"homePage\": \"nostrud\",\n  \"products\": [\n    {\n      \"productId\": 39078713,\n      \"productName\": \"sed laboris magna elit\",\n      \"supplierId\": 28166006,\n      \"categoryId\": -4025570,\n      \"quantityPerUnit\": \"fugiat nulla ipsum\",\n      \"unitPrice\": -6417650.639966384,\n      \"unitsInStock\": -20907380,\n      \"unitsOnOrder\": 17412427,\n      \"reorderLevel\": 13578706,\n      \"discontinued\": false\n    },\n    {\n      \"productId\": -34867258,\n      \"productName\": \"consequat magna culpa\",\n      \"supplierId\": -50386751,\n      \"categoryId\": 1135893,\n      \"quantityPerUnit\": \"ut\",\n      \"unitPrice\": -70750871.28858341,\n      \"unitsInStock\": -95741040,\n      \"unitsOnOrder\": 99008409,\n      \"reorderLevel\": -10711959,\n      \"discontinued\": true\n    }\n  ]\n}","options":{"raw":{"language":"json"}}},"url":{"raw":"{{baseUrl}}/api/Suppliers/put","host":["{{baseUrl}}"],"path":["api","Suppliers","put"]}},"status":"OK","code":200,"_postman_previewlanguage":"json","header":[{"key":"Content-Type","value":"application/json"}],"cookie":[],"responseTime":null,"body":"{\n  \"ok\": true,\n  \"msg\": \"commodo elit\",\n  \"data\": {},\n  \"col\": [\n    \"nisi in\",\n    \"nulla ea sint culpa\"\n  ]\n}"}]},{"name":"del Suppliers","id":"b94416a0-941b-415e-85b9-5cd3cff6b323","request":{"method":"DELETE","header":[{"key":"Accept","value":"text/plain"}],"url":{"raw":"{{baseUrl}}/api/Suppliers/del?oProduc=84725501","host":["{{baseUrl}}"],"path":["api","Suppliers","del"],"query":[{"key":"oProduc","value":"84725501"}]}},"response":[{"id":"181360fb-2239-4134-8b00-7b538d76fce2","name":"Success","originalRequest":{"method":"DELETE","header":[],"url":{"raw":"{{baseUrl}}/api/Suppliers/del?oProduc=84725501","host":["{{baseUrl}}"],"path":["api","Suppliers","del"],"query":[{"key":"oProduc","value":"84725501"}]}},"status":"OK","code":200,"_postman_previewlanguage":"json","header":[{"key":"Content-Type","value":"application/json"}],"cookie":[],"responseTime":null,"body":"{\n  \"ok\": true,\n  \"msg\": \"commodo elit\",\n  \"data\": {},\n  \"col\": [\n    \"nisi in\",\n    \"nulla ea sint culpa\"\n  ]\n}"}]}],"id":"0d62b9b4-b247-426f-a371-fdbcd097482b"}],"id":"f8f0b675-0b30-4218-a491-a9cc07ef90c9"}],"variable":[{"id":"7d9caa88-d98b-4a4c-9307-7f06a890f860","key":"baseUrl","value":"/","type":"string"}]}